date,batch_size,x_dim,lookahead,time_mode,dataset,error_metric,model_name,rmse,wrmse (alpha=2),wprmse (beta=3),mae,r2
2024-10-28 20:36:10.243301,32,192,96,cyclical,slrp-ev_old,mse,FFNN_hidSize64_layers2_dropout0.4_withBatchNorm,6144.608566462994,11538.746160268784,9591.494826972485,4109.864395856857,0.559599757194519
2024-10-28 20:36:37.441915,32,192,96,cyclical,slrp-ev_old,mse,FFNN_hidSize64_layers2_dropout0.4_withBatchNorm,6018.80302041769,10082.810250520706,8712.140716314316,4410.645857453346,0.577448844909668
2024-10-28 20:37:06.515556,32,192,96,cyclical,slrp-ev_old,mse,FFNN_hidSize64_layers2_dropout0.4_withBatchNorm,6028.044858276844,11031.810650527475,9269.269903600216,4211.424581855536,0.5761501789093018
2024-10-28 20:37:37.104724,32,192,96,cyclical,slrp-ev_old,mse,FFNN_hidSize64_layers2_dropout0.4_withBatchNorm,6202.453353703022,9266.15466952324,8508.372760415077,4784.8709316551685,0.551268994808197
2024-10-28 20:38:04.293974,32,192,96,cyclical,slrp-ev_old,mse,FFNN_hidSize64_layers2_dropout0.4_withBatchNorm,6360.247732102871,11385.847348868849,9504.063332378864,4520.539242327213,0.5281465649604797
2024-10-28 20:38:31.384581,32,192,96,cyclical,slrp-ev_old,mse,FFNN_hidSize64_layers2_dropout0.4_withBatchNorm,6059.386106729507,11207.646758258345,9317.934892773628,4128.660013228655,0.5717312693595886
2024-10-28 20:38:59.238489,32,192,96,cyclical,slrp-ev_old,mse,FFNN_hidSize64_layers2_dropout0.4_withBatchNorm,6283.963184952736,11769.217715859411,9858.39768230915,4287.858303338289,0.5393975377082825
2024-10-28 20:39:26.060951,32,192,96,cyclical,slrp-ev_old,mse,FFNN_hidSize64_layers2_dropout0.4_withBatchNorm,6565.692853629589,12041.583558321,10054.051669836044,4450.23561000824,0.4971711635589599
2024-10-28 20:39:53.238162,32,192,96,cyclical,slrp-ev_old,mse,FFNN_hidSize64_layers2_dropout0.4_withBatchNorm,5788.372940868139,9973.953418135645,8609.993940591812,4147.997258901596,0.6091842651367188
2024-10-28 20:40:20.074861,32,192,96,cyclical,slrp-ev_old,mse,FFNN_hidSize64_layers2_dropout0.4_withBatchNorm,5830.99218711257,10593.521125614643,8852.106670737267,3991.91559702158,0.6034079790115356
2024-10-28 20:40:48.392234,32,192,96,cyclical,slrp-ev_old,mse,FFNN_hidSize64_layers2_dropout0.4_withBatchNorm,6220.529936850071,10165.40682375431,8907.004219293594,4722.095375061035,0.5486495494842529
2024-10-28 20:41:16.060002,32,192,96,cyclical,slrp-ev_old,mse,FFNN_hidSize64_layers2_dropout0.4_withBatchNorm,6539.371948838234,12254.412112236025,10252.66544342041,4472.590150535107,0.5011945962905884
2024-10-28 20:41:45.020065,32,192,96,cyclical,slrp-ev_old,mse,FFNN_hidSize64_layers2_dropout0.4_withBatchNorm,6811.9448229670525,12854.223979711533,10736.307450830936,4730.130225270987,0.4587457180023193
2024-10-28 20:42:15.079393,32,192,96,cyclical,slrp-ev_old,mse,FFNN_hidSize64_layers2_dropout0.4_withBatchNorm,6162.11284995079,11396.61648094654,9578.192519545555,4191.791427284479,0.5570870041847229
2024-10-28 20:42:43.681551,32,192,96,cyclical,slrp-ev_old,mse,FFNN_hidSize64_layers2_dropout0.4_withBatchNorm,6438.5503152012825,12052.501167654991,10099.775694012642,4330.802735686302,0.5164568424224854
2024-10-28 20:43:13.291661,32,192,96,cyclical,slrp-ev_old,mse,FFNN_hidSize64_layers2_lagsOptiShort_dropout0.4_withBatchNorm,6118.490510880947,10990.554885566236,9298.700465857984,4003.030827492476,0.5633357763290405
2024-10-28 20:43:42.245715,32,192,96,cyclical,slrp-ev_old,mse,FFNN_hidSize64_layers2_lagsOptiShort_dropout0.4_withBatchNorm,7172.057935595512,13667.469463348389,11337.820184528828,4794.934971034527,0.400006353855133
2024-10-28 20:44:10.920880,32,192,96,cyclical,slrp-ev_old,mse,FFNN_hidSize64_layers2_lagsOptiShort_dropout0.4_withBatchNorm,6478.7988048791885,12236.162654161451,10187.84849882126,4191.627962887287,0.5103924870491028
2024-10-28 20:44:39.270412,32,192,96,cyclical,slrp-ev_old,mse,FFNN_hidSize64_layers2_lagsOptiShort_dropout0.4_withBatchNorm,6043.24669867754,10420.15963882208,9024.311010837557,4148.574089556932,0.5740097165107727
2024-10-28 20:45:08.716519,32,192,96,cyclical,slrp-ev_old,mse,FFNN_hidSize64_layers2_lagsOptiShort_dropout0.4_withBatchNorm,5964.16129887104,9459.670723974705,8384.977704286575,4117.196941673756,0.5850863456726074
2024-10-28 20:45:37.936544,32,192,96,cyclical,slrp-ev_old,mse,FFNN_hidSize64_layers2_lagsOptiShort_dropout0.4_withBatchNorm,6499.035627543926,12341.522951722143,10229.241587817667,4220.010470896959,0.5073291063308716
2024-10-28 20:46:06.532465,32,192,96,cyclical,slrp-ev_old,mse,FFNN_hidSize64_layers2_lagsOptiShort_dropout0.4_withBatchNorm,6490.407913923264,12077.430011034012,9980.45644313097,4252.813139855862,0.5086363554000854
2024-10-28 20:46:36.554889,32,192,96,cyclical,slrp-ev_old,mse,FFNN_hidSize64_layers2_lagsOptiShort_dropout0.4_withBatchNorm,5921.082679331303,10150.094845294952,8777.708412110806,4047.633952945471,0.5910583734512329
2024-10-28 20:47:05.248106,32,192,96,cyclical,slrp-ev_old,mse,FFNN_hidSize64_layers2_lagsOptiShort_dropout0.4_withBatchNorm,6317.529501020908,11786.89417719841,9782.18075156212,4127.1152921020985,0.53446364402771
2024-10-28 20:47:35.009374,32,192,96,cyclical,slrp-ev_old,mse,FFNN_hidSize64_layers2_lagsOptiShort_dropout0.4_withBatchNorm,6091.863589584827,11122.154529988766,9357.692640721798,4016.293053030968,0.5671281218528748
2024-10-28 20:48:04.987293,32,192,96,cyclical,slrp-ev_old,mse,FFNN_hidSize64_layers2_lagsOptiShort_dropout0.4_withBatchNorm,6510.414701402187,12125.632838606834,10136.03760421276,4341.87718719244,0.5056023597717285
2024-10-28 20:48:33.403705,32,192,96,cyclical,slrp-ev_old,mse,FFNN_hidSize64_layers2_lagsOptiShort_dropout0.4_withBatchNorm,7320.949255228043,14334.43208694458,11780.352813005447,4625.423436760902,0.3748362064361572
2024-10-28 20:49:03.449171,32,192,96,cyclical,slrp-ev_old,mse,FFNN_hidSize64_layers2_lagsOptiShort_dropout0.4_withBatchNorm,6064.478946328163,10981.93553686142,9254.749803841114,3890.452304631472,0.5710111260414124
2024-10-28 20:49:34.120563,32,192,96,cyclical,slrp-ev_old,mse,FFNN_hidSize64_layers2_lagsOptiShort_dropout0.4_withBatchNorm,6198.470259606838,11168.557506501676,9473.221887648106,4175.905755013228,0.551845133304596
2024-10-28 20:50:02.522716,32,192,96,cyclical,slrp-ev_old,mse,FFNN_hidSize64_layers2_lagsOptiShort_dropout0.4_withBatchNorm,6204.140278398991,11274.280283749104,9537.340361773968,4165.887374132872,0.5510249137878418
2024-10-28 20:50:28.519961,32,192,96,cyclical,slrp-ev_old,mse,FFNN_hidSize64_layers2_lagsOptiLong_dropout0.4_withBatchNorm,6058.8193836808205,9979.774005413055,8710.557655990124,4569.920477420092,0.5718114376068115
2024-10-28 20:50:54.820680,32,192,96,cyclical,slrp-ev_old,mse,FFNN_hidSize64_layers2_lagsOptiLong_dropout0.4_withBatchNorm,7337.287330031395,9097.20916122198,9170.963321328163,5121.549383997917,0.3720428347587585
2024-10-28 20:51:31.336659,32,192,96,cyclical,slrp-ev_old,mse,FFNN_hidSize64_layers2_lagsOptiLong_dropout0.4_withBatchNorm,6250.84508895874,10893.0861890316,9353.013167381288,4547.578484266996,0.5442396998405457
2024-10-28 20:51:57.441728,32,192,96,cyclical,slrp-ev_old,mse,FFNN_hidSize64_layers2_lagsOptiLong_dropout0.4_withBatchNorm,6088.5761776566505,10941.786729097366,9304.707869589329,4335.742218494415,0.5675951242446899
2024-10-28 20:52:25.531732,32,192,96,cyclical,slrp-ev_old,mse,FFNN_hidSize64_layers2_lagsOptiLong_dropout0.4_withBatchNorm,6515.508238077164,11427.212554812431,9765.09401679039,4817.066447138786,0.5048284530639648
2024-10-28 20:52:52.640987,32,192,96,cyclical,slrp-ev_old,mse,FFNN_hidSize64_layers2_lagsOptiLong_dropout0.4_withBatchNorm,6111.743509173393,11026.419462263584,9394.008225798609,4334.581237882376,0.5642982721328735
2024-10-28 20:53:18.517400,32,192,96,cyclical,slrp-ev_old,mse,FFNN_hidSize64_layers2_lagsOptiLong_dropout0.4_withBatchNorm,5957.048332095146,8710.422423183918,7984.857290387154,4332.956352978945,0.5860753059387207
2024-10-28 20:53:44.698865,32,192,96,cyclical,slrp-ev_old,mse,FFNN_hidSize64_layers2_lagsOptiLong_dropout0.4_withBatchNorm,6665.206075012684,11905.585362315178,10107.933578193188,4891.492588818073,0.481813371181488
2024-10-28 20:54:10.399310,32,192,96,cyclical,slrp-ev_old,mse,FFNN_hidSize64_layers2_lagsOptiLong_dropout0.4_withBatchNorm,6494.10381257534,12041.161130070686,10013.937715888023,4461.529292017221,0.508076548576355
2024-10-28 20:54:36.332316,32,192,96,cyclical,slrp-ev_old,mse,FFNN_hidSize64_layers2_lagsOptiLong_dropout0.4_withBatchNorm,6053.900813162327,10873.594540953636,9202.52414882183,4340.407750308514,0.5725064277648926
2024-10-28 20:55:03.940881,32,192,96,cyclical,slrp-ev_old,mse,FFNN_hidSize64_layers2_lagsOptiLong_dropout0.4_withBatchNorm,5847.66172170639,9856.991679370403,8526.815308630466,4192.073743194342,0.6011371612548828
2024-10-28 20:55:31.141644,32,192,96,cyclical,slrp-ev_old,mse,FFNN_hidSize64_layers2_lagsOptiLong_dropout0.4_withBatchNorm,6107.171385586262,8276.868137717247,7931.683611571789,4475.182925909758,0.5649498701095581
2024-10-28 20:55:56.899236,32,192,96,cyclical,slrp-ev_old,mse,FFNN_hidSize64_layers2_lagsOptiLong_dropout0.4_withBatchNorm,5944.420794546604,10238.75877082348,8873.937009871006,4237.9260294139385,0.5878282785415649
2024-10-28 20:56:22.954066,32,192,96,cyclical,slrp-ev_old,mse,FFNN_hidSize64_layers2_lagsOptiLong_dropout0.4_withBatchNorm,5912.339948117733,10502.994612157345,8883.689107596874,4198.106938749552,0.5922651290893555
2024-10-28 20:56:48.684023,32,192,96,cyclical,slrp-ev_old,mse,FFNN_hidSize64_layers2_lagsOptiLong_dropout0.4_withBatchNorm,5773.411591798067,8952.335092425346,8058.546622395515,4192.323645055294,0.6112019419670105
2024-10-25 19:55:24.414658,32,192,96,cyclical,slrp-ev_old,mse,LSTM_hidSize32_lstmLayers1_dropout0.4_withBatchNorm,6076.053898632526,11314.114013016224,9426.600726246834,4091.470294445753,0.5693719387054443
2024-10-25 19:56:09.022792,32,192,96,cyclical,slrp-ev_old,mse,LSTM_hidSize32_lstmLayers1_dropout0.4_withBatchNorm,6132.197819650173,10989.074295461178,9296.1589255929,4048.2899017632008,0.5613770484924316
2024-10-25 19:56:52.416009,32,192,96,cyclical,slrp-ev_old,mse,LSTM_hidSize32_lstmLayers1_dropout0.4_withBatchNorm,5870.684758424759,9705.229102373123,8506.739510595798,3980.186590850353,0.5979902744293213
2024-10-25 19:57:35.856008,32,192,96,cyclical,slrp-ev_old,mse,LSTM_hidSize32_lstmLayers1_dropout0.4_withBatchNorm,5754.865876287222,10094.531588852406,8422.05240547657,3845.517022311688,0.6136958003044128
2024-10-25 19:58:19.491834,32,192,96,cyclical,slrp-ev_old,mse,LSTM_hidSize32_lstmLayers1_dropout0.4_withBatchNorm,5695.157455503941,10060.664832890034,8549.153816401958,3984.396931827068,0.6216701865196228
2024-10-25 19:59:03.366861,32,192,96,cyclical,slrp-ev_old,mse,LSTM_hidSize32_lstmLayers1_dropout0.4_withBatchNorm,5824.374493062496,9542.453416585922,8371.383321881294,3972.3629547655582,0.6043076515197754
2024-10-25 19:59:47.022169,32,192,96,cyclical,slrp-ev_old,mse,LSTM_hidSize32_lstmLayers1_dropout0.4_withBatchNorm,5665.801131874323,9536.892838776112,8290.245032310486,3954.0427434444414,0.625560462474823
2024-10-24 17:24:59.369734,32,192,96,cyclical,slrp-ev_old,mse,TCN_hidSize16_layers6_kernelSize3_dropout0.2,6513.7808829545975,10990.52909374237,9540.673780739307,4149.264195114374,0.5050909519195557
2024-10-24 17:26:53.407011,32,192,96,cyclical,slrp-ev_old,mse,TCN_hidSize16_layers6_kernelSize3_dropout0.2,6470.684836506844,11924.280949234962,9885.803934931757,4186.418711543083,0.5116180777549744
2024-10-24 17:28:49.803833,32,192,96,cyclical,slrp-ev_old,mse,TCN_hidSize16_layers6_kernelSize3_dropout0.2,6723.488626182079,10846.556344628334,9595.432611107826,4483.554463982582,0.4727113246917724
2024-10-24 17:30:45.134596,32,192,96,cyclical,slrp-ev_old,mse,TCN_hidSize16_layers6_kernelSize3_dropout0.2,6005.569026470184,10630.066745877266,8821.689745485783,3906.343553513289,0.5793049335479736
2024-10-24 17:32:41.151947,32,192,96,cyclical,slrp-ev_old,mse,TCN_hidSize16_layers6_kernelSize3_dropout0.2,6693.482975959778,10568.372006118298,9449.473891556265,4406.840866357088,0.4774072170257568
2024-10-30 16:32:21.840478,32,192,96,cyclical,slrp-ev_old,mse,TCN_hidSize16_layers6_kernelSize3_dropout0.2,6464.838457405567,11891.104298830032,9847.326716184616,3995.4888102412224,0.5125001668930054
2024-10-30 16:38:44.698481,32,192,96,cyclical,slrp-ev_old,mse,TCN_hidSize16_layers6_kernelSize3_dropout0.2,6394.796925783157,11621.10781878233,9608.913370072842,3989.376496523618,0.5230063199996948
2024-10-30 16:44:54.388873,32,192,96,cyclical,slrp-ev_old,mse,TCN_hidSize16_layers6_kernelSize3_dropout0.2,6153.708897829056,11280.526087582111,9183.44516992569,3921.182217150927,0.5582942962646484
2024-10-30 16:51:04.233154,32,192,96,cyclical,slrp-ev_old,mse,TCN_hidSize16_layers6_kernelSize3_dropout0.2,6183.863722383976,10463.731091320516,8918.405599594116,4055.4021714627743,0.5539548993110657
2024-10-30 16:56:36.513969,32,192,96,cyclical,slrp-ev_old,mse,TCN_hidSize16_layers6_kernelSize3_dropout0.2,6831.900026798248,10313.497899770737,9567.855574786665,4489.570232629776,0.4555699825286865
2024-10-30 17:01:21.338605,32,192,96,cyclical,slrp-ev_old,mse,TCN_hidSize16_layers6_kernelSize3_dropout0.2,6243.9691281318665,10718.528519272804,9174.631336927414,4087.60605186224,0.5452418327331543
2024-10-30 17:06:39.099909,32,192,96,cyclical,slrp-ev_old,mse,TCN_hidSize16_layers6_kernelSize3_dropout0.2,6355.703491568565,11354.62042093277,9522.313487529756,4071.805074363947,0.5288205742835999
2024-10-30 17:15:20.055643,32,192,96,cyclical,slrp-ev_old,mse,TCN_hidSize16_layers6_kernelSize3_dropout0.2,6005.128474235535,9722.685287594795,8488.001402020454,4105.056311935186,0.5793666839599609
2024-10-30 17:24:41.572625,32,192,96,cyclical,slrp-ev_old,mse,TCN_hidSize16_layers6_kernelSize3_dropout0.2,6119.531245827675,10304.216328561306,8760.44113457203,3975.9110732376575,0.5631872415542603
2024-10-30 17:31:15.195158,32,192,96,cyclical,slrp-ev_old,mse,TCN_hidSize16_layers6_kernelSize3_dropout0.2,5923.5098990798,9397.84005433321,8306.73576682806,4077.814569324255,0.5907230377197266
2024-10-30 17:36:28.533396,32,192,96,cyclical,slrp-ev_old,mse,TCN_hidSize16_layers6_kernelSize3_dropout0.2,6625.018230974674,11236.372576355934,9626.82892858982,4244.353073090315,0.4880433082580566
2024-10-30 17:42:12.220246,32,192,96,cyclical,slrp-ev_old,mse,TCN_hidSize16_layers6_kernelSize3_dropout0.2,6464.616787135601,12156.931565403938,9953.177755475044,4032.218110114336,0.5125336647033691
2024-10-30 17:48:45.087389,32,192,96,cyclical,slrp-ev_old,mse,TCN_hidSize16_layers6_kernelSize3_dropout0.2,5978.994385898113,9904.831330180168,8583.312647342682,4033.877151757479,0.5830198526382446
2024-10-30 17:55:22.273544,32,192,96,cyclical,slrp-ev_old,mse,TCN_hidSize16_layers6_kernelSize3_dropout0.2,6429.044982492924,11808.765643835068,9733.469755351543,4073.092922866345,0.5178835391998291
2024-10-30 18:02:02.738169,32,192,96,cyclical,slrp-ev_old,mse,TCN_hidSize16_layers6_kernelSize3_dropout0.2,5949.469718337059,9666.565764248371,8437.82863676548,4108.439571857452,0.5871278643608093
2024-10-18 11:42:12.676862,32,192,96,cyclical,slrp-ev_old,mse,XGBoost_dropout0.2,5769.425709396601,9902.621598243712,8447.67971932888,3753.9800967276096,0.6165965795516968
2024-10-18 11:47:32.380632,32,192,96,cyclical,slrp-ev_old,mse,XGBoost_dropout0.2,5769.425709396601,9902.621598243712,8447.67971932888,3753.9800967276096,0.6165965795516968
2024-10-18 11:52:59.852500,32,192,96,cyclical,slrp-ev_old,mse,XGBoost_dropout0.2,5769.425709396601,9902.621598243712,8447.67971932888,3753.9800967276096,0.6165965795516968
2024-10-18 12:00:24.548661,32,192,96,cyclical,slrp-ev_old,mse,XGBoost_dropout0.2,5778.773154318333,9927.275096476078,8465.717963278294,3769.0205639600754,0.6153532266616821
2024-10-18 12:04:25.797057,32,192,96,cyclical,slrp-ev_old,mse,XGBoost_dropout0.2,5748.4548653662205,9909.75896269083,8437.941563129425,3749.284242093563,0.6193786859512329
2024-10-24 01:56:37.840297,32,192,96,cyclical,slrp-ev_old,mse,XGBoost_dropout0.2,5753.376921266317,9794.300817549229,8365.978192090988,3752.0530292391777,0.6138955950737
2024-10-24 01:57:57.148713,32,192,96,cyclical,slrp-ev_old,mse,XGBoost_dropout0.2,5742.656933069229,9786.636463403702,8363.23868215084,3743.7797789275646,0.615333080291748
2024-10-24 01:59:10.835780,32,192,96,cyclical,slrp-ev_old,mse,XGBoost_dropout0.2,5773.303544968367,9780.73083281517,8372.792113125324,3761.263847202063,0.6112164258956909
2024-10-24 02:00:30.262941,32,192,96,cyclical,slrp-ev_old,mse,XGBoost_dropout0.2_lagsOptiShort,6131.4958637952805,10715.86777895689,9215.539957880974,3898.838132768869,0.5614773035049438
2024-10-24 02:01:41.135855,32,192,96,cyclical,slrp-ev_old,mse,XGBoost_dropout0.2_lagsOptiShort,6149.872886836529,10830.621877014635,9284.650195538998,3910.855031460524,0.558844804763794
2024-10-24 02:02:55.209113,32,192,96,cyclical,slrp-ev_old,mse,XGBoost_dropout0.2_lagsOptiShort,6133.824098706245,10708.487134873869,9218.741629421713,3890.367609858513,0.5611442923545837
2024-10-22 08:56:18.300544,32,192,96,cyclical,slrp-ev_old,mse,XGBoost_dropout0.2_lagsOptiShort,6168.084005713463,10764.1207960248,9265.924634337423,3899.700764715672,0.5562281608581543
2024-10-22 08:59:17.983450,32,192,96,cyclical,slrp-ev_old,mse,XGBoost_dropout0.2_lagsOptiShort,6173.7059262394905,10714.530089497566,9249.989469647408,3901.357018053532,0.5554189085960388
2024-10-21 11:59:33.468054,32,192,96,cyclical,slrp-ev_old,mse,XGBoost_dropout0.2_lagsOptiLong,5530.910590142012,9403.466854393482,8102.210088968277,3637.531057596207,0.643177330493927
2024-10-21 12:01:27.497569,32,192,96,cyclical,slrp-ev_old,mse,XGBoost_dropout0.2_lagsOptiLong,5531.804241985083,9523.28869730234,8150.787943601608,3648.703796863556,0.6430619955062866
2024-10-21 12:03:48.128173,32,192,96,cyclical,slrp-ev_old,mse,XGBoost_dropout0.2_lagsOptiLong,5528.944834917784,9543.165131509304,8163.09273481369,3657.221372425556,0.6434309482574463
2024-10-24 02:04:11.062078,32,192,96,cyclical,slrp-ev_old,mse,XGBoost_dropout0.2_lagsOptiLong,5477.409285455942,8875.975958108902,7762.144891321659,3629.132682085037,0.6500471830368042
2024-10-24 02:05:29.666609,32,192,96,cyclical,slrp-ev_old,mse,XGBoost_dropout0.2_lagsOptiLong,5480.683104395866,8872.056995034218,7758.789165914059,3633.8337647914886,0.649628758430481
2024-10-24 02:06:47.590142,32,192,96,cyclical,slrp-ev_old,mse,XGBoost_dropout0.2_lagsOptiLong,5460.094606727362,8887.121511399746,7753.296901583672,3636.293050050736,0.6522561311721802
2024-10-24 20:08:40.801507,32,192,96,cyclical,slrp-ev_old,mse,Prophet,6546.574371154536,10753.89325939906,9375.127366153143,5013.617335258013,0.5066996050726615
2024-10-24 20:06:36.531911,32,192,96,cyclical,slrp-ev_old,mse,Last_Week,7983.575390099653,12833.692922577737,11455.68449730907,4892.210134755755,0.2848127641699299
2024-10-24 20:06:53.945721,32,192,96,cyclical,slrp-ev_old,mse,Similar_Day,7230.193102609949,11444.80341337876,10269.817745476175,4479.110891350211,0.3975294480567477
2024-10-24 20:09:45.532025,32,192,96,cyclical,slrp-ev_old,mse,KNN_neighbors10_percentile90_lagsOptiLong,9181.862455527396,10894.074174943706,11701.395255473708,5616.592897663359,0.0166215703617056
2024-10-24 20:12:36.858978,32,192,96,cyclical,slrp-ev_old,mse,ARIMA,8014.512605503935,14306.741035325564,11997.949644797263,5649.653059110759,0.26067143883609
